{"cameraMode":{"drawMode":0,"name":"Shaded","section":"Shading Mode"},"sceneLighting":true,"audioPlay":false,"sceneViewState":{"showFog":true,"showMaterialUpdate":false,"showSkybox":true,"showFlares":true,"showImageEffects":true,"showParticleSystems":true},"in2DMode":false,"pivot":{"x":757.5101928710938,"y":426.5688171386719,"z":-105.31924438476563},"rotation":{"x":0.058767352253198627,"y":0.01946144364774227,"z":-0.0011457577347755433,"w":0.9980813264846802},"size":1289.8936767578125,"orthographic":true}