{"cameraMode":{"drawMode":0,"name":"Shaded","section":"Shading Mode"},"sceneLighting":true,"audioPlay":false,"sceneViewState":{"showFog":true,"showMaterialUpdate":false,"showSkybox":true,"showFlares":true,"showImageEffects":true,"showParticleSystems":true},"in2DMode":false,"pivot":{"x":2.9394121170043947,"y":63.921363830566409,"z":62.37598419189453},"rotation":{"x":0.26600784063339236,"y":-0.16345292329788209,"z":0.04580307751893997,"w":0.9489073157310486},"size":16.273412704467775,"orthographic":true}