{"cameraMode":{"drawMode":0,"name":"Shaded","section":"Shading Mode"},"sceneLighting":true,"audioPlay":false,"sceneViewState":{"showFog":true,"showMaterialUpdate":false,"showSkybox":true,"showFlares":true,"showImageEffects":true,"showParticleSystems":true},"in2DMode":false,"pivot":{"x":1028.56591796875,"y":546.2613525390625,"z":-20.107248306274415},"rotation":{"x":0.0026806883979588749,"y":0.06312400847673416,"z":0.0001860533084254712,"w":-0.9980020523071289},"size":1078.5885009765625,"orthographic":true}