{"cameraMode":{"drawMode":0,"name":"Shaded","section":"Shading Mode"},"sceneLighting":true,"audioPlay":false,"sceneViewState":{"showFog":true,"showMaterialUpdate":false,"showSkybox":true,"showFlares":true,"showImageEffects":true,"showParticleSystems":true},"in2DMode":false,"pivot":{"x":-67.44139862060547,"y":73.13262939453125,"z":61.630821228027347},"rotation":{"x":-0.13108722865581513,"y":0.6713995337486267,"z":-0.12238537520170212,"w":-0.7190693616867065},"size":58.66093826293945,"orthographic":true}