{"cameraMode":{"drawMode":0,"name":"Shaded","section":"Shading Mode"},"sceneLighting":true,"audioPlay":false,"sceneViewState":{"showFog":true,"showMaterialUpdate":false,"showSkybox":true,"showFlares":true,"showImageEffects":true,"showParticleSystems":true},"in2DMode":false,"pivot":{"x":978.4326782226563,"y":488.7808837890625,"z":150.4254608154297},"rotation":{"x":0.06087378039956093,"y":0.007895676419138909,"z":-0.0004970161826349795,"w":0.9981141090393066},"size":1059.005859375,"orthographic":true}