{"cameraMode":{"drawMode":0,"name":"Shaded","section":"Shading Mode"},"sceneLighting":true,"audioPlay":false,"sceneViewState":{"showFog":true,"showMaterialUpdate":false,"showSkybox":true,"showFlares":true,"showImageEffects":true,"showParticleSystems":true},"in2DMode":false,"pivot":{"x":696.813232421875,"y":448.43939208984377,"z":20.801103591918947},"rotation":{"x":0.10955344140529633,"y":-0.026413725689053537,"z":0.0028954260051250459,"w":0.9936257004737854},"size":2105.91259765625,"orthographic":true}