{"cameraMode":{"drawMode":0,"name":"Shaded","section":"Shading Mode"},"sceneLighting":true,"audioPlay":false,"sceneViewState":{"showFog":true,"showMaterialUpdate":false,"showSkybox":true,"showFlares":true,"showImageEffects":true,"showParticleSystems":true},"in2DMode":false,"pivot":{"x":-0.022521108388900758,"y":1.1799999475479127,"z":5.161418437957764},"rotation":{"x":0.009363534860312939,"y":-0.9227651953697205,"z":0.02243504673242569,"w":0.3845953047275543},"size":2.721250295639038,"orthographic":true}