{"cameraMode":{"drawMode":0,"name":"Shaded","section":"Shading Mode"},"sceneLighting":true,"audioPlay":false,"sceneViewState":{"showFog":true,"showMaterialUpdate":false,"showSkybox":true,"showFlares":true,"showImageEffects":true,"showParticleSystems":true},"in2DMode":false,"pivot":{"x":947.3382568359375,"y":456.56536865234377,"z":-154.15005493164063},"rotation":{"x":-0.044671472162008288,"y":-0.007496226113289595,"z":-0.00033505260944366455,"w":0.9989736080169678},"size":1083.3970947265625,"orthographic":true}