{"cameraMode":{"drawMode":0,"name":"Shaded","section":"Shading Mode"},"sceneLighting":true,"audioPlay":false,"sceneViewState":{"showFog":true,"showMaterialUpdate":false,"showSkybox":true,"showFlares":true,"showImageEffects":true,"showParticleSystems":true},"in2DMode":false,"pivot":{"x":-77.55221557617188,"y":45.07213592529297,"z":73.71461486816406},"rotation":{"x":0.038636431097984317,"y":-0.9089133143424988,"z":0.08642648905515671,"w":0.40609660744667055},"size":125.0872802734375,"orthographic":true}