{"cameraMode":{"drawMode":0,"name":"Shaded","section":"Shading Mode"},"sceneLighting":true,"audioPlay":false,"sceneViewState":{"showFog":true,"showMaterialUpdate":false,"showSkybox":true,"showFlares":true,"showImageEffects":true,"showParticleSystems":true},"in2DMode":false,"pivot":{"x":-15.87153148651123,"y":63.52533721923828,"z":11.437639236450196},"rotation":{"x":0.26366081833839419,"y":-0.1649990975856781,"z":0.04581332579255104,"w":0.9492941498756409},"size":162.74053955078126,"orthographic":true}