{"cameraMode":{"drawMode":0,"name":"Shaded","section":"Shading Mode"},"sceneLighting":true,"audioPlay":false,"sceneViewState":{"showFog":true,"showMaterialUpdate":false,"showSkybox":true,"showFlares":true,"showImageEffects":true,"showParticleSystems":true},"in2DMode":false,"pivot":{"x":28.25341033935547,"y":8.33981704711914,"z":9.515039443969727},"rotation":{"x":0.17295123636722566,"y":-0.22961266338825227,"z":0.04150092229247093,"w":0.9568926692008972},"size":10.05097770690918,"orthographic":false}