{"cameraMode":{"drawMode":0,"name":"Shaded","section":"Shading Mode"},"sceneLighting":true,"audioPlay":false,"sceneViewState":{"showFog":true,"showMaterialUpdate":false,"showSkybox":true,"showFlares":true,"showImageEffects":true,"showParticleSystems":true},"in2DMode":false,"pivot":{"x":968.0285034179688,"y":547.8929443359375,"z":7.373437404632568},"rotation":{"x":-0.1441037356853485,"y":-0.25514936447143557,"z":0.03848434239625931,"w":-0.9553282260894775},"size":44.78375244140625,"orthographic":true}